name,description,country,num_servings,total_time_minutes,user_ratings.score,user_ratings.count_positive,user_ratings.count_negative,nutrition.calories,nutrition.protein,nutrition.fat,nutrition.carbohydrates
Low-Carb Avocado Chicken Salad,"This chicken salad is a lunchtime delight! Packed with creamy avocado, tender chicken, and crunchy veggies, it's a healthy and satisfying meal that won't weigh you down. Tossed in a tangy yogurt dressing with a hint of spice, it's a flavor explosion that's perfect for a light meal.",US,4,15,0.9173640167364017,877,79,249.0,29.0,8.0,13.0
Tomato And Anchovy Pasta,"Savor the bold flavors of this Tomato and Anchovy Pasta, a perfect weeknight meal that's both simple and satisfying. With a zesty tomato sauce and umami-packed anchovies, this dish will have your taste buds dancing in no time!",US,4,0,0.8816326530612245,216,29,677.0,24.0,13.0,109.0
Creamy Cajun Pasta,"Say hello to a taste of the bayou with this creamy Cajun pasta! Savory sausage and a bevy of vegetables get a spicy kick with a Cajun-inspired seasoning blend, all tossed in a luscious creamy sauce. Best of all, it all comes together in just one pot for easy prep and clean-up!",US,8,0,0.9615384615384616,150,6,395.0,18.0,24.0,31.0
One-Pot Lemon Garlic Shrimp Pasta,"This easy 30-minute pasta recipe transforms ingredients that you already have in your kitchen into a posh, seafood dish you’ll want to serve at your next dinner party. And since the whole dish is made in a single pot, clean-up is easy. Don’t be surprised if this becomes your favorite quick go-to. ",US,4,30,0.9796846573681018,12924,268,567.0,31.0,28.0,44.0
Chocolate Mug Cake,"This single-serving chocolate mug cake delivers on all counts and surpasses all expections! It's an easy recipe with simple ingredients that yields an incredibly moist, fudgy cake with mouthwatering flavor in every bite. Start by mixing basic pantry staples like flour, sugar, cocoa powder, and milk in your favorite mug. Top with a generous dollop of hazelnut spread, then sit back and watch as this decadent concoction transforms into a gourmet dessert in under two minutes in the microwave. You can whip up this delectable dessert whenever the craving strikes and savor life's little luxuries one spoonful at a time. ",ZZ,1,7,0.8959458535584878,13105,1522,392.0,8.0,9.0,72.0
3-Ingredient Teriyaki Chicken,"Even though this chicken teriyaki dish uses just three ingredients, the flavor is outstanding, and you can't beat the quick cooking time! This effortless weeknight meal starts with browning pieces of boneless chicken thighs in a hot pan. Soy sauce and brown sugar are added, infusing the meat with the perfect balance of sweet and salty. The liquid sizzles and thickens in the pan into a delectable teriyaki sauce that envelops the chicken, ensuring each bite is packed with flavor. Paired with fluffy white rice, this dish goes from stove to table in 30 minutes, proving that minimal effort can yield maximum satisfaction.",US,4,30,0.9037086821042342,14791,1576,467.0,58.0,17.0,20.0
3-Ingredient Peanut Butter Cookies,"Indulge in the simplest yet most satisfying treat with these 3-Ingredient Peanut Butter Cookies. Made with just peanut butter, sugar, and an egg, these cookies are a breeze to whip up, requiring minimal effort and time (under 30 minutes!). Plus, with such basic pantry staples, there's a good chance you have everything you need in your kitchen to make them right now! Gluten-free and utterly delicious, these cookies boast a perfect balance of sweet, savory, and nutty. Whether you're a baking novice or a seasoned pro, these peanut butter cookies are sure to become a quick favorite for any occasion.",ZZ,25,20,0.9128113879003559,10260,980,34.0,1.0,1.0,3.0
Whipped Coffee,"Embark on a caffeinated adventure with whipped coffee, a viral sensation that's taken the world by storm. With just three simple ingredients, you can recreate the magic of a bustling South Korean cafe right in your own kitchen. Mix hot water, sugar, and instant coffee in a bowl, then whisk until the mixture transforms into a cloud-like foam. Spoon the foam over ice-cold milk in a glass and watch the creamy coffee cascade through the milk, creating a mesmerizing swirl of flavors. Whether you're seeking a morning pick-me-up or a delightful afternoon treat, whipped coffee promises to elevate your coffee-drinking ritual to new heights!",US,1,5,0.9147831105126479,9511,886,132.0,1.0,0.0,28.0
Garlic Shrimp Bacon Alfredo,"This garlic bacon shrimp alfredo is the ultimate weeknight indulgence, with succulent shrimp, smoky bacon, and a rich, creamy sauce that will have your taste buds dancing with delight.",US,4,25,0.9769216623758735,10625,251,1016.0,49.0,54.0,96.0
Creamy Chicken Penne Pasta,"If you're in need of a hug in a bowl, this creamy chicken penne pasta is just the ticket. With tender chicken, perfectly cooked pasta, and a velvety sauce, it's pure comfort in a bowl.",US,4,30,0.9773986063962837,10941,253,477.0,33.0,28.0,27.0
Easy One-Pot Mac ‘n’ Cheese,"This easy mac and cheese is a quick and delicious dinner option for busy weeknights! Elbow macaroni is cooked right in the same pot with milk, butter, and Cheddar cheese, resulting in a creamy and comforting dish that's sure to please everyone. Add in some chopped bacon or cooked veggies for a twist on the classic recipe, or enjoy it as-is for a simple and satisfying meal.",US,6,20,0.8757991948851528,7397,1049,865.0,33.0,47.0,71.0
Healthy Banana Pancakes,"These pancakes are fluffy, moist, and delicious, and best of all, they're healthy! Made with ripe bananas, whole wheat flour, and no added sugar, they're a guilt-free breakfast option.",ZZ,4,30,0.8650836481381543,4809,750,179.0,6.0,3.0,31.0
Garlic Shrimp Scampi,"This garlic shrimp scampi is a flavor explosion in your mouth! The succulent shrimp is cooked to perfection and coated in a heavenly garlic and butter sauce. Toss in some lemon juice and parsley, and you've got yourself a dish that'll transport you straight to the Italian coast.",US,2,20,0.9691319660244458,4678,149,817.0,61.0,23.0,87.0
Milkshake: The Tiffany,"Indulge in a sweet treat with this milkshake, featuring vanilla ice cream and chunks of chocolate candy blended together. Topped with sprinkles and caramel sauce, this milkshake is a classic favorite.",US,1,0,0.9174311926605505,100,9,850.0,19.0,54.0,73.0
Birthday Cake Mug Cake,"We’ve got news for you: You can celebrate your birthday any day of the year, thanks to this single-serve birthday cake in a mug. All you have to do is combine the ingredients into a mug or ramekin, microwave it for about two minutes, and voilà: Warm and delicious birthday cake for one.",ZZ,1,7,0.8124905029630756,5347,1234,456.0,5.0,18.0,62.0
Honey Garlic Shrimp Stir-Fry,"Make this delectable shrimp stir-fry with honey and garlic for a speedy and satisfying weeknight dinner! This dish is packed with succulent shrimp, crisp veggies, and a mouthwatering honey garlic sauce that’s irresistibly good. The combination of flavors will have you craving seconds in no time. Start by marinating the shrimp in garlic, ginger, olive oil, honey, and soy sauce. After a quick soak in the fridge, cook the shrimp until just firm and finish with a reduction of the flavorful marinade. Serve over cooked rice with steamed broccoli, and drizzle the thickened sauce over the top. Garnish with scallions for the perfect finishing touch.",ZZ,4,30,0.9726300074645434,3909,110,215.0,24.0,4.0,18.0
Microwave 5-Minute Mac 'N' Cheese,The Microwave 5-Minute Mac N Cheese is a classic comfort food that can be made in just 5 minutes. This cheesy and creamy macaroni and cheese is perfect for a quick and easy lunch or dinner.,ZZ,1,6,0.8086382723455309,4044,957,556.0,24.0,20.0,63.0
Weekday Meal-Prep Pesto Chicken & Veggies,"This pesto chicken and veggies meal prep is a lifesaver for anyone who's looking for a quick and easy way to eat healthy during the week! Tender chicken breasts, green beans and tomatoes are coated in a delicious basil pesto. ",ZZ,4,22,0.9670023569745019,4513,154,351.0,23.0,23.0,15.0
3-ingredient Mac & Cheese,"Eating a bowl of mac and cheese is like taking a trip down memory lane. Think back to those childhood dinners where a steaming pot of macaroni and cheese awaited, its irresistible allure of gooey, cheesy goodness promising pure comfort. Now, imagine recreating that nostalgic magic with our exclusive 3-ingredient mac-hack. You read that correctly: just three simple ingredients lead to culinary bliss. We've stripped away the complexity (no roux needed!) without compromising on flavor, using only the essentials — milk, cheese, and pasta — to craft a quick and easy meal that surpasses the boxed version in every way. ",US,4,15,0.8340535868625756,4825,960,1043.0,48.0,47.0,97.0
Weekday Meal-Prep Chicken Teriyaki Stir-Fry,"Weekday meal prep just got easier with this chicken teriyaki stir-fry! It's quick, easy, and full of flavor — the perfect meal to power you through your busy week.",US,4,27,0.9659685863874345,4428,156,425.0,53.0,7.0,38.0
Spaghetti With Garlic And Oil,"Spaghetti with garlic and oil is a classic Italian dish that's quick and easy to make, with just a few simple ingredients.",US,4,20,0.920039980009995,3682,320,234.0,7.0,3.0,42.0
3-Ingredient Banana Oat Smoothie,"This 3-ingredient banana oat smoothie recipe is a quick and easy way to enjoy a healthy breakfast or snack. With just bananas, oats, and almond milk, this smoothie is both simple and filling.",US,1,5,0.9193877551020408,3604,316,552.0,18.0,12.0,95.0
Peanut Butter Energy Bites,"These little bites of bliss are the perfect pick-me-up for when you need a quick and satisfying snack. Packed with protein-rich peanut butter, oats, honey, and chocolate chips, these no-bake bites are loaded with flavor and energy to keep you going all day long. They're a tasty and convenient option for on-the-go snacking or a pre-workout boost!",US,16,0,0.9543101507990097,4240,203,95.0,3.0,5.0,9.0
Chocolate Hazelnut Mug Cakes,"Whip up a decadent treat in minutes with these Chocolate Hazelnut Mug Cakes! Perfect for satisfying your sweet tooth, these gooey delights are loaded with chocolatey goodness and a hint of hazelnut.",US,2,14,0.8733614232209738,3731,541,712.0,13.0,36.0,79.0
Creamy Chicken Piccata,"This classic dish comes together in just 30 minutes with a handful of pantry staples. The butterflied chicken breast cooks quickly, then is smothered in a creamy and flavorful sauce and served over angel hair pasta. It's the perfect weeknight meal!",US,4,30,0.9701142689715793,3311,102,633.0,36.0,21.0,74.0
3-ingredient Pancakes,"These fluffy pancakes are made with only three ingredients, making for a quick and easy breakfast that's perfect for busy mornings.",US,4,13,0.8455344070278185,3465,633,72.0,3.0,2.0,9.0
"Cucumber, Tomato, And Avocado Salad", ,US,2,15,0.973404255319149,3294,90,460.0,6.0,37.0,31.0
Veggie Garlic Noodles,"This simple and satisfying recipe features tender noodles tossed in garlic, soy sauce, and sesame oil, then topped with vegetables for a flavorful vegetarian meal.",GB,4,25,0.9516263552960801,3423,174,404.0,8.0,8.0,74.0
One-Pot Taco Spaghetti,"This one-pot meal has everything you love about tacos and spaghetti in one delicious dish. Loaded with ground beef, tomatoes, and spices, it's a quick and easy meal that the whole family will love.",US,4,30,0.9435996682333425,3413,204,780.0,51.0,37.0,54.0
Cacio e Pepe (Spaghetti with Cheese and Pepper),"Spaghetti with cheese and pepper is a simple and delicious pasta dish, with creamy pecorino romano cheese and a sprinkle of black pepper.",US,4,25,0.8951239444293109,3286,385,386.0,15.0,16.0,46.0
Cheesy Egg Toast Perfect For Breakfast,"Upgrade your breakfast game with this mouthwatering Cheesy Egg Toast! It's the perfect combination of gooey cheese and fluffy eggs, all nestled on a crispy slice of toast. Say goodbye to boring breakfasts and hello to this scrumptious morning delight!",US,1,20,0.9536842105263158,3624,176,215.0,11.0,17.0,3.0
Grilled Cheese,"The secret to a perfect grilled cheese recipe? Mayonnaise! (No, really, it makes the outside crispier and tangier.) Spread butter on one side of each bread slice and mayo on the other. Sandwich the cheddar slices between the buttered sides, leaving the mayo sides on the outside. Fry for a few minutes until golden, dip into a bowl of tomato soup, and resolve to never make a grilled cheese without mayo ever again!",US,1,12,0.9510577833912219,3012,155,319.0,5.0,28.0,10.0
Banana Pancakes,Whip up a scrumptious stack of Banana Pancakes for a delightful twist on a classic breakfast favorite. These fluffy flapjacks are bursting with natural sweetness and will have you flipping for more!,ZZ,4,25,0.7800447872605125,3135,884,112.0,4.0,2.0,19.0
3-Ingredient Hazelnut Brownies,These 3-ingredient hazelnut brownies are the perfect way to satisfy your sweet tooth without breaking the bank. The combination of chocolate and hazelnut in this recipe is irresistible and makes for a deliciously decadent dessert.,ZZ,8,30,0.9167313162658391,3545,322,296.0,4.0,14.0,35.0
Taco Soup,"This quick and easy taco soup is made entirely in one pot in less than 30 minutes. Topped with cheese, avocado, and all the fixins, this simple soup makes the perfect weeknight dinner that'll please just about anyone.",US,6,30,0.9776683087027914,2977,68,604.0,41.0,25.0,57.0
Lemon Chicken And Asparagus Stir-Fry,"This lemon chicken and asparagus stir-fry is a quick and easy weeknight dinner that is full of flavor. The tangy lemon sauce pairs perfectly with the tender chicken and crispy asparagus, making it a healthy and satisfying meal. Serve it over rice or quinoa for a complete meal.",ZZ,3,25,0.967925659472422,3229,107,189.0,32.0,4.0,3.0
Pizza Bombs,"Are you tired of the same old pizza routine? Shake things up with these irresistible pizza bombs! Say goodbye to the hassle of homemade dough because these savory delights are made with store-bought biscuit dough, ensuring a quick and stress-free prep. You'll fill each soft and pillowy biscuit round with a spoonful of zesty marinara sauce, a savory pepperoni slice, and a cube of mozzarella cheese before baking them in a hot oven to golden perfection. These pizza bombs are bursting with flavor in every bite. Whether you're hosting a party or craving a fun twist on pizza night, these little bombs are guaranteed to be a hit.",US,16,30,0.9284684164984136,3219,248,188.0,4.0,11.0,17.0
20-Minute Beef And Broccoli Noodle Stir-Fry,"Beef and broccoli noodle stir-fry is a quick and easy meal that's perfect for busy weeknights! Tender strips of beef and crunchy broccoli are stir-fried in a flavorful sauce made with soy sauce, sesame oil, and garlic, and served over a bed of ramen noodles. It's a one-pan wonder that's ready in just 20 minutes, making it the perfect meal for when you're short on time but still want something delicious and satisfying!",US,4,20,0.9203655352480418,2820,244,401.0,30.0,19.0,28.0
Grilled Shrimp Tacos With Creamy Cilantro Sauce,"Savor the flavors of summer with these Grilled Shrimp Tacos, topped with a zesty Creamy Cilantro Sauce. Perfect for a quick weeknight dinner or a backyard BBQ, these tacos are sure to impress your taste buds.  ",US,12,26,0.9659442724458205,2808,99,238.0,19.0,7.0,25.0
Garlic Brown Sugar Chicken,"Savor the sweet and savory flavors of this Garlic Brown Sugar Chicken that'll have your taste buds dancing! With a mouthwatering glaze and a hint of garlic, this dish is perfect for a weeknight dinner or a special occasion.",ZZ,2,30,0.9475694444444445,2729,151,677.0,74.0,23.0,45.0
Chocolate Chip Cake Mix Cookies,"Whip up a batch of these scrumptious Chocolate Chip Cake Mix Cookies that are so easy, even a novice baker can master them! With a cake mix base and a handful of simple ingredients, you'll be enjoying these soft, chewy cookies in no time.",US,12,22,0.9468717231737155,2709,152,213.0,2.0,8.0,36.0
Chicken Fajita Quesadilla,"This chicken fajita quesadilla is the ultimate mashup of two classic dishes! With tender chicken, colorful peppers and onions, and plenty of cheese, it's a delicious and satisfying meal. Serve it with some salsa and sour cream for an extra kick.",ZZ,2,30,0.984375,2520,40,1241.0,90.0,80.0,34.0
Shrimp And Asparagus Stir-Fry,"This dish is the perfect balance of healthy and delicious, and will have you coming back for seconds! The succulent shrimp and tender asparagus are sautéed to perfection in a sauce made of soy sauce, ginger, and garlic. ",ZZ,4,20,0.9781507283090564,3089,69,182.0,26.0,6.0,6.0
Avocado Carbonara,"This avocado carbonara is the perfect fusion of creamy and tangy. Al dente spaghetti gets tossed in a decadent sauce made of fresh avocados, crispy bacon, and parmesan cheese for a bright but decadent bite. ",US,2,30,0.8971825832418587,2452,281,1146.0,46.0,67.0,96.0
Cinnamon Roll French Toast Roll-Up,"Experience the ultimate breakfast mashup with these Cinnamon Roll French Toast Roll-Ups! They're a delightful twist on classic cinnamon rolls and French toast, perfect for a cozy weekend morning.",US,3,25,0.933257055682685,2447,175,257.0,7.0,17.0,18.0
Creamy One-Pot Spinach Shrimp Pasta,"Dive into this Creamy One-Pot Spinach Shrimp Pasta that's perfect for busy weeknights! With a delightful blend of succulent shrimp, tender spinach, and a luscious cream sauce, this dish is sure to become a family favorite. ",US,4,30,0.9658573596358119,2546,90,440.0,36.0,11.0,50.0
Low-Carb Mediterranean Chicken And Tomato By Kevin Curry,"Kevin Curry of @fitmencook shows us how to make one of his favorite keto-friendly dishes. Sear off chicken thighs and then stir up a creamy sun-dried tomato sauce, all in the same pan! Feel free to customize this recipe to your own liking by swapping out the chicken thighs for chicken breasts or shrimp and using light coconut milk instead of heavy cream.",US,4,30,0.9831206257719226,2388,41,458.0,34.0,35.0,12.0
Strawberry Banana Smoothie Meal Prep,This classic smoothie is a delicious way to start your day. Sweet strawberries and ripe bananas are blended together to create a creamy and satisfying drink that will keep you going all morning.,ZZ,2,10,0.9386689865158765,2158,141,310.0,17.0,4.0,53.0
One-Pot Basil Pasta,"This one-pot basil pasta is a lifesaver for busy weeknights! Loaded with fresh basil, cherry tomatoes, and garlic, this dish comes together in no time and is sure to be a hit with the whole family.",GB,2,25,0.9197884530630234,2087,182,321.0,10.0,5.0,58.0
Avocado Lime Salmon,This avocado lime salmon is a healthy and flavorful dinner option. The creamy avocado and zesty lime make the perfect pairing with juicy salmon fillets.,ZZ,1,27,0.9801324503311258,2072,42,719.0,37.0,55.0,18.0
Cookies & Cream Mug Cake,"It’s 10 p.m. and your dessert craving just hit hard. You want something more elevated than store-bought chocolate chip cookies, but you don’t feel like starting a serious baking endeavor just for yourself. That’s why mug cakes are a total godsend. This cookies and cream version is made with just a handful of basic ingredients. Mix everything into a mug and cook it in the microwave for two minutes. Voilà: A single-serve dessert that’ll satisfy your sweet tooth.",ZZ,1,7,0.8357371794871795,2086,410,319.0,5.0,4.0,62.0
4-Minute Mug Cinnamon Rolls,"If you want a cinnamon roll in a pinch, this 4-minute mug cinnamon roll is the recipe for you. It makes 2, so you can share with a friend or loved one.",US,2,7,0.7505551443375278,2028,674,570.0,12.0,11.0,103.0
Super Fluffy Omelet,"Whip up a cloud-like breakfast with this Super Fluffy Omelet recipe that'll have you floating on air. Elevate your morning routine with this light and airy twist on a classic omelet, perfect for impressing your brunch guests.",US,2,30,0.8671477079796265,2043,313,396.0,25.0,31.0,1.0
Pull-Apart Garlic Rolls,"Soft and fluffy rolls with a garlic butter glaze, baked together in a pull-apart style for easy serving.",US,10,25,0.9693308550185874,2086,66,315.0,6.0,19.0,29.0
3-Cheese Garlic Bread," This classic side dish features a warm and crusty baguette, smothered in a trio of melted cheeses and garlic. Perfect for serving alongside your favorite pasta dish or as a snack all on its own.",ZZ,2,25,0.98068669527897,2285,45,745.0,35.0,30.0,82.0
Easy Chicken Piccata,"Experience the zesty flavors of Italy with this Easy Chicken Piccata recipe that's perfect for a weeknight dinner. Tender chicken breasts are coated in a tangy lemon-caper sauce, making every bite a delightful experience.",US,2,25,0.9754329440193314,2422,61,295.0,25.0,20.0,4.0
Garlic Lemon Shrimp,"Looking for a refreshing and impressive dinner? This dish features succulent shrimp cooked in garlic and lemon, creating a zesty and refreshing flavor that will tantalize your taste buds.",ZZ,2,20,0.9765277215702145,2413,58,401.0,46.0,21.0,4.0
Red Velvet White Chocolate Cake Mix Cookies,"Experience the magic of red velvet and white chocolate in these scrumptious cake mix cookies! With a touch of cream cheese frosting, they're the perfect treat for any sweet tooth.",US,12,22,0.9394079555966698,2031,131,482.0,3.0,8.0,37.0
Garlic Broccoli Shrimp Stir Fry,Get your greens with this garlicky broccoli shrimp stir-fry! Tender shrimp crisp broccoli is stir-fried with aromatic garlic and ginger for a dish that's both healthy and flavorful. It's perfect for a busy weeknight dinner.,ZZ,4,18,0.9574065309985802,2023,90,233.0,26.0,9.0,11.0
Red Velvet Box Cookies Recipe, ,US,24,25,0.9224207961007311,2271,191,101.0,1.0,4.0,14.0
3-Ingredient Breakfast Cookies,"These 3-ingredient breakfast cookies are the ultimate grab-and-go treat for busy mornings. Packed with oats and banana, they offer a sweet and satisfying start to your day.",ZZ,8,22,0.8877295492487479,2127,269,102.0,2.0,1.0,21.0
Chili Lime Baked Tilapia With Avocado Crema,"This recipe takes baked tilapia to the next level with a spicy and tangy marinade featuring chili powder, lime, and garlic. Serve with a creamy and refreshing avocado crema for a dish that is perfect for a healthy and flavorful weeknight dinner.
",ZZ,2,27,0.9340511440107672,2082,147,,,,
Meal Prep Pesto Chicken Pasta,"Whip up this Meal Prep Pesto Chicken Pasta for a week's worth of delicious lunches! This vibrant, flavorful dish combines tender chicken, al dente pasta, and a homemade basil pesto that'll have you coming back for seconds.",ZZ,4,25,0.9715068493150685,1773,52,634.0,47.0,37.0,28.0
Fluffy Japanese Pancakes,"Say ""konnichiwa"" to these Fluffy Japanese Pancakes that'll transport your taste buds straight to Tokyo! Light, airy, and oh-so-delicious, these pancakes are perfect for a weekend brunch or a fun twist on breakfast for dinner.",US,4,30,0.845861084681256,1778,324,281.0,13.0,9.0,34.0
Strawberry Chocolate Overnight Oats,These delicious overnight oats are made with fresh strawberries and chocolate chips for a sweet and satisfying breakfast.,US,1,10,0.8553981436248168,1751,296,369.0,16.0,5.0,65.0
Strawberries & Cream Mug Cake,This sweet and simple dessert option can be made in just a few minutes. It's the perfect way to satisfy your sweet tooth! Not a fan of strawberries? You can always swap in your favorite fruit!,ZZ,1,7,0.8796954314720812,1733,237,321.0,5.0,5.0,60.0
Keto Bacon Cauliflower “Mac” ‘N’ Cheese,Just because you're on a keto diet doesn't mean you should forsake all comfort food. This super indulgent mac 'n' cheese manages to stay low-carb thanks to one magical ingredient: cauliflower. Add bacon to the mix and you get the perfect dinner. ,US,4,30,0.9658246656760773,1950,69,876.0,47.0,69.0,18.0
Cashew Chicken Stir-Fry,"This easy and flavorful stir fry is loaded with tender chicken, crunchy cashews, and plenty of veggies. It's the perfect weeknight dinner recipe.",ZZ,4,25,0.9756511891279728,1723,43,423.0,37.0,16.0,36.0
Make-Ahead Breakfast Quesadilla,"This tasty and convenient breakfast option that can be made ahead of time, this quesadilla is the perfect grab-and-go meal for busy mornings.",US,1,25,0.9628378378378378,1710,66,545.0,31.0,34.0,24.0
Chicken Lo Mein,"There are many benefits to making your favorite Chinese takeout meal at home — and that includes chicken lo mein! For one, you can add more fresh vegetables to your chicken lo mein, or use soy sauce with less sodium for a lighter version. To make it, all you have to do is stir-fry your chicken and veggies, add cooked egg noodles, and toss it all together with a simple sauce. Top with scallions, box up the leftovers, and you’ll have cheap, yummy eats for days.",US,4,25,0.9430856067732831,2005,121,907.0,57.0,19.0,122.0
Curry Noodle Soup,"This deliciously fragrant soup is a perfect blend of savory flavors. Tender noodles and vegetables are simmered in a fragrant curry broth, resulting in a comforting and satisfying meal that's perfect for any occasion.",US,6,25,0.9347609561752988,1877,131,373.0,8.0,18.0,46.0
Green Mac ‘n’ Cheese, ,US,12,30,0.928078250863061,1613,125,378.0,18.0,18.0,32.0
Under 300-Calorie Honey Lime Shrimp,"Savor the zesty flavors of this under-300-calorie honey lime shrimp dish that's perfect for a guilt-free meal. With a delightful combination of sweet and tangy, this easy-to-make recipe will have your taste buds dancing in no time!",ZZ,4,25,0.9662576687116564,1575,55,219.0,26.0,4.0,21.0
Parmesan Crusted Salmon,"Get ready to take your taste buds on a cheesy adventure with this Parmesan Crusted Salmon. The crispiness of the crust paired with the tender, flaky salmon will leave you wanting more.",ZZ,1,27,0.9686670207116304,1824,59,708.0,53.0,42.0,28.0
Beef And Broccoli Stir-Fry,"It’s your favorite take-out dish, but made exactly to your liking. And just like the classic Chinese-American dish, this recipe works great as leftovers when reheated in a microwave or over the stove. If you want to freshen it up, just chop up and throw in whatever vegetables you have in the fridge, like onions, bell peppers, or even water chestnuts.",ZZ,4,30,0.9759949463044851,1545,38,297.0,25.0,17.0,10.0
Strawberry Cheesecake French Toast,"Indulge in a breakfast fantasy come true with strawberry cheesecake French toast. A luscious, creamy filling is nestled between slices of custard-soaked bread, topped with a cascade of ruby-red strawberries, creating a morning masterpiece like no other.",US,2,21,0.9259723964868256,1476,118,873.0,23.0,63.0,52.0
20-Minute One-Pan Pizza,"Whip up a mouthwatering one-pan pizza in just 20 minutes, perfect for those busy weeknights! This scrumptious, no-fuss recipe will have your taste buds dancing with delight.",US,2,20,0.8790363915940543,1715,236,1210.0,63.0,77.0,66.0
Baked Shrimp Scampi Linguine Pasta,"Dive into this scrumptious Baked Shrimp Scampi Linguine, a perfect blend of tender shrimp and linguine baked to perfection. You'll be savoring every bite of this garlicky, buttery goodness that's sure to impress your taste buds!",ZZ,4,28,0.9636752136752137,1804,68,655.0,30.0,36.0,46.0
Bacon Egg Cups,Bacon egg cups are a delicious and protein-rich breakfast option. Eggs and cheddar cheese are scrambled and placed into bacon-wrapped muffin cups.,ZZ,4,30,0.9398663697104677,1688,108,179.0,13.0,13.0,1.0
Simple Scrambled Eggs,"Simple scrambled eggs are a classic breakfast dish, perfect for a quick and easy meal any time of day.",US,4,15,0.937007874015748,1666,112,99.0,6.0,7.0,0.0
Tomato Basil Sausage Spaghetti,"This recipe is a simple and delicious pasta dish that features Italian sausage, tomatoes, garlic, and basil. It's easy to make and perfect for a quick weeknight dinner.",US,2,30,0.9692110327132777,1511,48,955.0,42.0,39.0,110.0
One-Pot Mexican Quinoa,"This easy, one-pot meal is bursting with Mexican-inspired flavors and loaded with protein-packed quinoa for a healthy and filling dinner.",US,4,30,0.9683053040103493,1497,49,412.0,15.0,14.0,60.0
The Ultimate Waffle,"Crispy on the outside and fluffy on the inside, this waffle is the perfect vessel for all your favorite toppings. Drizzle with maple syrup and melted butter, sprinkle with fresh berries and whipped cream, or even top with crispy fried chicken for the ultimate brunch mashup.",US,4,30,0.9526248399487837,1488,74,390.0,13.0,5.0,70.0
Egg Breakfast Cups,"For these egg breakfast cups, you don't need a fork or knife. Just pop them in your mouth and enjoy the explosion of flavor. They're packed with veggies and protein, making them the perfect grab-and-go breakfast!",ZZ,6,30,0.9590443686006825,1405,60,87.0,6.0,4.0,5.0
Hot Chocolate: The Undercover Lover,This hot chocolate recipe features a combination of milk and dark chocolate for a rich and decadent flavor. It's perfect for chocolate lovers who want a luxurious and indulgent drink.,US,1,20,0.9272727272727272,51,4,330.0,9.0,16.0,41.0
Jalapeño Poppers,"Spice up your appetizer game with these jalapeño poppers! These little bites pack a punch, with spicy jalapeños and creamy cheese all wrapped up crispy, smoky bacon. Serve them up with a side of ranch or blue cheese dressing and get ready to kick things up a notch.",US,8,30,0.9712746858168761,1623,48,93.0,2.0,9.0,1.0
Spinach Mushroom Pesto Spaghetti,"This pasta dish is packed with flavorful ingredients like sautéed mushrooms, spinach, and homemade pesto sauce.",US,2,30,0.9547945205479452,1394,66,1139.0,35.0,69.0,100.0
Hasselback Pizza Chicken,"Why choose between pizza and chicken when you can have both? This juicy chicken breast is stuffed with mozzarella cheese and topped with pizza sauce, pepperoni, and more cheese. Perfect for a quick and easy weeknight dinner.
",GB,1,30,0.9392684610075914,1361,88,589.0,69.0,31.0,3.0
Lemon Crinkle Cake Mix Cookies,"Pucker up for these zesty Lemon Crinkle Cake Mix Cookies that are a breeze to whip up! With their soft, chewy texture and delightful lemony tang, they're the perfect treat for any citrus lover.",US,12,22,0.9592518370073481,1436,61,159.0,2.0,3.0,29.0
Watermelon-Lime Slushie,"This watermelon lime slushie is a refreshing and hydrating way to beat the heat. Made with fresh watermelon and lime juice, it's the perfect summer drink.",ZZ,2,10,0.8884711779448622,1418,178,42.0,0.0,0.0,11.0
Peanut Butter Banana Oatmeal Muffins,"These muffins are a perfect breakfast treat, combining the classic flavors of peanut butter and banana with hearty oats for a filling and satisfying snack. They're easy to make and are perfect for meal prepping or as an on-the-go snack.",US,12,30,0.9137931034482759,1537,145,175.0,6.0,4.0,30.0
Creamy Chicken Chimichanga,"These crispy, golden-brown chimichangas are packed with tender chicken and creamy cheese, making for a decadent and satisfying meal.",US,6,30,0.9741119807344973,1618,43,631.0,45.0,34.0,34.0
90-Second Keto Bread,"Maybe you’re following the keto diet or maybe you’re just trying to cut back on carbs. In any case, that doesn’t mean you have to give up bread. This keto-friendly bread is made with some basic ingredients like almond flour, egg, butter, and Parmesan. The best part: You don’t even have to turn on the oven. This bread is cooked entirely in the microwave in about a minute and a half.",US,1,7,0.9404466501240695,1516,96,281.0,15.0,21.0,9.0
One-Pot Spicy Sausage And Broccoli Pasta,"This one-pot pasta has it all — protein, vegetables, carbs, and a spicy kick! Cooking the pasta in chicken stock and rendered sausage fat gives it tons of flavor, while the starches from the pasta combine with the stock and Parmesan to make a glossy sauce.",US,4,30,0.9496350364963504,1301,69,645.0,34.0,37.0,52.0
Maple-Glazed Salmon,"A delicious and healthy salmon dish with a sweet and savory maple glaze, perfect for a quick and easy weeknight dinner.",ZZ,2,15,0.9690920798454604,1505,48,466.0,18.0,27.0,40.0
Homemade Big Massive Burger,"This homemade big massive burger recipe is perfect for anyone looking to indulge in a delicious and satisfying meal. With juicy beef, melted cheese, and all the fixings, this burger is sure to hit the spot.",GB,1,25,0.9556025369978859,1356,63,,,,
Cheesy Chicken Enchiladas,"Delight in the warm, comforting embrace of cheesy chicken enchiladas, where tender chicken, melty cheese, and zesty sauce unite in a harmonious dance of flavor. One bite, and you'll be transported to a cozy Mexican cocina.",ZZ,2,25,0.9620817843866171,1294,51,630.0,35.0,22.0,68.0
Spaghetti With Fresh Tomato Sauce,"Twirl your fork into this vibrant Spaghetti with Fresh Tomato Sauce, a true Italian classic! Bursting with juicy tomatoes and aromatic basil, this dish will transport your taste buds straight to the heart of Italy.",ZZ,4,30,0.9726666666666667,1459,41,551.0,19.0,7.0,96.0
Meal Prep Chicken Burrito Bowls,"These hearty burrito bowls are packed with protein and fiber, making them the perfect meal prep option for busy weekdays.",ZZ,4,25,0.9652173913043478,1443,52,353.0,33.0,4.0,45.0
Hummus Caesar Salad,"Vegan caesar has never been easier thanks to this time saving hack! Using hummus as the base of the dressing gives you richness while being both nut and dairy free. Adjust the consistency to your liking by adding more hummus for a thicker dressing or more water for thinner. This dressing is packed with flavor thanks to brininess from the capers, cheesiness from the nutritional yeast, and umami from the miso. ",US,2,10,0.967741935483871,30,1,126.0,5.0,8.0,10.0
Blueberry Overnight Oats,"Wake up to a delightful breakfast with these Blueberry Overnight Oats! This no-cook recipe is a time-saver, packed with juicy blueberries and creamy yogurt for a nutritious and satisfying start to your day.",US,2,10,0.9450686641697877,1514,88,494.0,17.0,11.0,81.0
Cookies And Cream Mousse,"Whip up this dreamy Cookies and Cream Mousse for a delightful dessert experience! With a heavenly blend of crushed Oreos and creamy mousse, your taste buds will be dancing with joy.",US,2,22,0.9103107344632768,1289,127,547.0,3.0,45.0,47.0
Pigs In A Blanket,"Pigs in a blanket are a classic party food that never goes out of style. The warm and flaky pastry is wrapped around a savory hot dog, creating the perfect handheld snack. They're easy to make and always a crowd favorite.",US,18,25,0.9385432473444613,1237,81,108.0,3.0,9.0,3.0
Spinach & Mushroom Quesadilla,"This spinach and mushroom quesadilla is loaded with savory flavors and packed with nutritious veggies. The tender spinach and meaty mushrooms are complemented by melty cheese and a crispy tortilla, making it a delicious and satisfying meal or snack.",ZZ,2,25,0.956687898089172,1502,68,683.0,42.0,43.0,32.0
Easy Vegan Pasta Salad,"This colorful and delicious pasta salad is packed with veggies, herbs, and a tangy dressing, making it the perfect lunch or side dish for any occasion.",US,4,25,0.9418262150220913,1279,79,360.0,15.0,7.0,60.0
Birthday Cake Mix Cookies,"Celebrate every day like it's your birthday with these scrumptious Birthday Cake Mix Cookies! They're fun, easy to make, and bursting with colorful sprinkles, bringing joy to your taste buds.",US,12,22,0.9419272495213784,1476,91,223.0,2.0,9.0,34.0
"Egg, Avocado, & Tomato Toast",The Egg Avocado Tomato Toast is a delicious and healthy breakfast option that is perfect for a busy morning.,ZZ,1,15,0.9611419508326725,1212,49,,,,
Spinach Artichoke Mac & Cheese,"This spinach artichoke mac and cheese is a cheesy and comforting twist on a classic dish. With tender macaroni, creamy cheese sauce, and a tangy spinach and artichoke dip, this dish is sure to be a crowd-pleaser. Try it today for a delicious and indulgent meal.",US,3,22,0.9284615384615384,1207,93,1658.0,85.0,97.0,107.0
Instant Energy Ginger Citrus Spritz,This content is intended solely for users of legal drinking age. Drink responsibly.,US,6,0,0.8529411764705882,29,5,265.0,0.0,0.0,32.0
Chopped Mediterranean Salad,"Bursting with vibrant flavors, this Chopped Mediterranean Salad is a refreshing and nutritious way to enjoy your veggies. Dive into a colorful mix of crunchy cucumbers, juicy tomatoes, and creamy feta cheese, all tossed in a zesty lemon dressing for a taste of the Mediterranean in every bite.",US,4,15,0.9800687285223367,1426,29,147.0,4.0,10.0,12.0
Super Soft Banana Bread Cookies,These cookies are made with mashed bananas and have the texture and flavor of banana bread in cookie form,ZZ,24,30,0.956726986624705,1216,55,128.0,2.0,5.0,19.0
Buffalo Chicken Dip,"This creamy buffalo chicken dip is loaded with shredded chicken, hot sauce, and plenty of melty cheese. It's perfect for game day or any party. ",ZZ,4,30,0.9750201450443191,1210,31,345.0,9.0,31.0,4.0
Chickpea Salad Sandwich,"Say hello to your new lunchtime favorite: the Chickpea Salad Sandwich! This scrumptious, protein-packed delight is a fresh twist on the classic sandwich, perfect for a quick and satisfying meal.",US,3,15,0.9654919236417033,1315,47,315.0,12.0,12.0,38.0
Cheesy Broccoli Gnocchi,"This recipe combines soft and pillowy gnocchi with the delicious flavor of broccoli and the richness of cheese for a comforting and hearty meal. With just a few simple ingredients, this dish comes together quickly and easily, making it perfect for a weeknight dinner.",GB,4,20,0.9044585987261147,1136,120,555.0,28.0,24.0,58.0
Berry Smoothie Bowl,"Start your day with a refreshing and nutritious smoothie bowl filled with a mix of juicy berries, creamy banana, and leafy spinach. Topped with crunchy chia seeds, sliced almonds, and coconut, this breakfast bowl is the perfect balance of sweet and crunchy.",US,2,10,0.9354180829367778,1376,95,292.0,11.0,7.0,50.0
Chipotle Chickpea Tacos,"A spicy and flavorful vegan taco recipe featuring chipotle-spiced chickpeas, avocado, cabbage slaw, and lime crema.",US,2,15,0.9721980886185926,1119,32,375.0,20.0,7.0,58.0
Blueberry Banana Pancakes,"Start your day off right with these amazing pancakes! Packed with fresh blueberries and sweet bananas, these pancakes are a breakfast dream come true.",US,8,25,0.7882851093860268,1117,300,72.0,3.0,2.0,9.0
Tomato Basil Soup,"Dive into a bowl of this comforting Tomato Basil Soup that's bursting with flavor! It's the perfect dish to warm you up on a chilly day, and it's so easy to make, you'll be whipping it up in no time.",US,8,25,0.9572072072072072,1275,57,82.0,3.0,1.0,17.0
BBQ Chicken Sliders,"Make these BBQ chicken sliders, and you will steal the show at any gathering. These delectable mini burgers are filled with cooked shredded chicken and topped with a slather of barbecue sauce and layers of red onion, pepper Jack cheese, and chopped parsley, all nestled between pillowy dinner rolls or sweet Hawaiian rolls. With the convenience of store-bought BBQ sauce and leftover or store-bought rotisserie chicken, whipping up this crowd-pleaser is an absolute breeze. Whether it's a backyard barbecue, an impromptu get-together, or a game day feast, these mini shredded chicken BBQ burgers bursting with incredible flavor will bring yumminess and crowd-pleasing goodness. ",US,12,30,0.9813953488372092,1266,24,221.0,12.0,8.0,23.0
Snickerdoodle Cake Mix Cookies,"Whip up a batch of these scrumptious Snickerdoodle Cake Mix Cookies that are as easy as pie to make! With a delightful cinnamon-sugar coating, these soft and chewy treats will have you reaching for seconds in no time.",US,12,22,0.9504132231404959,1150,60,168.0,1.0,5.0,28.0
Healthy Blueberry Pancakes,These fluffy and delicious pancakes are packed with juicy blueberries and made with wholesome ingredients like whole wheat flour and unsweetened almond milk. Perfect for a healthy breakfast or brunch.,ZZ,4,30,0.8797856049004594,1149,157,195.0,6.0,3.0,34.0
Egg White Breakfast Cups ,"These protein-packed breakfast cups are perfect for meal prep or busy mornings. Made with fluffy egg whites, fresh spinach, and juicy tomatoes, they're a healthy and delicious way to start your day.",ZZ,6,25,0.9079042784626541,1252,127,121.0,10.0,7.0,1.0
Mixed Berry French Toast,"Revel in the sweet symphony of mixed berry French toast, as vibrant fruit mingles with golden, custard-soaked bread. This berrylicious delight is the perfect harmony of flavors, making every morning feel like a special occasion.",US,2,25,0.9546599496221663,1137,54,493.0,18.0,14.0,70.0
Sesame Peanut Noodles,These sesame peanut noodles are a deliciously tangy and nutty dish that's perfect for a quick lunch or dinner. ,US,4,25,0.926914968376669,1319,104,443.0,16.0,17.0,59.0
Thai Coconut Vegetable Curry,"Experience a taste of Thailand with this vibrant Thai Coconut Vegetable Curry! Packed with colorful veggies and simmered in a creamy coconut sauce, this dish is a delightful explosion of flavors.",US,8,25,0.9420544337137841,1073,66,253.0,7.0,11.0,32.0
Tuna Burgers,"These hearty burgers are made with canned tuna, breadcrumbs, and spices, then pan-fried until crispy and served on a bun with your favorite toppings.",US,4,25,0.9522998296422487,1118,56,301.0,34.0,11.0,13.0
French Pepper Steak (Steak Au Poivre),A classic French dish featuring tender and juicy steak coated in a peppery crust and served with a creamy brandy sauce.,US,2,30,0.9517509727626459,1223,62,1012.0,42.0,88.0,3.0
One-Pan Garlic Butter Salmon,"Experience the magic of a one-pan wonder with this scrumptious Garlic Butter Salmon recipe. Perfectly cooked salmon fillets are nestled in a heavenly garlic butter sauce, making for a quick and easy weeknight meal that's sure to impress!",ZZ,4,28,0.9745166959578208,1109,29,402.0,15.0,31.0,18.0
Cloud Eggs,"Impress your brunch guests with these light and fluffy Cloud Eggs! With their pillowy texture and delicious flavor, these eggs are sure to please.",GB,2,23,0.855166802278275,1051,178,73.0,6.0,4.0,0.0
One-Pan Honey Garlic Salmon & Asparagus,"This easy and delicious one-pan meal features flaky salmon, tender asparagus, and a sweet and savory honey garlic sauce that's a perfect complement to the flavors of the dish.",US,4,25,0.9559352517985612,1063,49,150.0,10.0,8.0,8.0
Chicken Fried Rice,"Add an irresistible twist to your mealtime repertoire with a heaping helping of this delectable fried rice. Revel in the harmonious union of tender chicken and an array of vibrant veggies, all mingling together in a sizzling symphony of flavor.",US,1,25,0.9682819383259912,1099,36,798.0,42.0,32.0,84.0
Pizza Toastie,"For a lazy night in, try this quick and delicious pizza toastie stuffed with cheese and pepperoni.",GB,1,15,0.9265988372093024,1275,101,905.0,34.0,81.0,7.0
Guacamole,"This guacamole recipe is loaded with fresh ingredients like avocados, lime juice, and jalapeño. It’s a quick and easy staple that packs a flavorful punch.",US,4,15,0.9658573596358119,1273,45,256.0,3.0,22.0,14.0
Pizza Bagels,"10 minutes to homemade pizza bagels! Ours are bigger (and better!) than the store-bought kind. Keep it classic with pizza sauce, mozzarella, and pepperoni, or swap in your favorite sauce and topping combo.",US,2,10,0.9520905923344948,1093,55,441.0,20.0,16.0,51.0
Crunchy Avocado Tuna Wraps,"These light and refreshing wraps are filled with a blend of tuna, avocado, and crunchy veggies, then wrapped in lettuce leaves for a healthy lunch or snack.",US,4,15,0.9204368174726989,1180,102,382.0,26.0,14.0,37.0
One-Pot Hot Dog Pasta,This one-pot hot dog pasta is the ultimate comfort food that's quick and easy to make. The addition of hot dogs gives it a playful twist that both kids and adults will enjoy.,US,4,30,0.9454713493530499,1023,59,589.0,17.0,49.0,24.0
French Omelette,"The French Omelette is a classic breakfast dish that is light, fluffy, and filled with delicious ingredients. Made with eggs, cheese, and herbs, this omelette is perfect for a fancy breakfast or brunch.",ZZ,1,10,0.9235668789808917,1160,96,323.0,19.0,26.0,1.0
Three Bean Salad,This easy and colorful three-bean salad is perfect for summer picnics or potlucks. The combination of creamy kidney beans and nutty chickpeas in a tangy dressing is a crowd-pleaser.,US,5,15,0.9705069124423963,1053,32,325.0,20.0,6.0,54.0
Sausage French Toast Roll-Ups,"Wake up to a delightful twist on a classic breakfast with these Sausage French Toast Roll-Ups! Savor the perfect combination of savory sausage and sweet French toast, all rolled up into one scrumptious bite.",US,3,25,0.9395910780669146,1011,65,569.0,34.0,43.0,9.0
PB&J Overnight Oats,"Upgrade your breakfast game with these scrumptious PB&J Overnight Oats! This no-cook, make-ahead recipe is perfect for busy mornings and combines the classic flavors of peanut butter and jelly in a nutritious and satisfying way. ",US,2,10,0.9172932330827067,1220,110,553.0,20.0,21.0,71.0
Blueberry Mug Muffin,"Looking for a quick and delicious breakfast? Try this Blueberry Mug Muffin! In just a few minutes, you can have a warm, fluffy muffin bursting with juicy blueberries. Perfect for those busy mornings when you're on the go!",US,1,9,0.8981549815498155,1217,138,525.0,7.0,25.0,66.0
Mixed Berry Smoothie Meal Prep,"Bursting with the sweet and tangy flavors of mixed berries, this smoothie is a nutritious and delicious way to start your day. Perfect for meal prep, this smoothie can be made in advance for a quick and easy breakfast.",ZZ,2,10,0.9362084456424079,1042,71,307.0,17.0,4.0,51.0
Classic Party Guacamole,"A classic guacamole recipe with creamy avocado, zesty lime, and fresh cilantro, perfect for any party or gathering. It's a crowd-pleaser that will have everyone reaching for more.",US,8,15,0.9648562300319489,1208,44,69.0,0.0,5.0,5.0
Popcorn Shrimp,"These popcorn shrimp are a crispy and delicious seafood snack that's perfect for any occasion. They're coated in a crispy cornmeal batter and served with a tangy cocktail sauce, making for a perfect party appetizer.",ZZ,3,25,0.9559808612440192,999,46,367.0,38.0,5.0,38.0
Breakfast Egg Cups,"Start your morning off on the right foot with these breakfast egg cups. With a protein-packed filling of eggs, turkey bacon, veggies, and cheese, they're like a healthy breakfast muffin that will keep you full all morning.",US,12,30,0.961576354679803,976,39,140.0,11.0,9.0,1.0
Bacon Avocado Caesar Salad,"This twist on a classic Caesar salad adds a smoky twist with crispy bacon and creamy avocado. Tossed with crisp romaine lettuce and a tangy Caesar dressing, this salad is a satisfying and flavorful meal.",ZZ,2,25,0.9690048939641109,1188,38,403.0,7.0,35.0,16.0
White Rice,"Getting fluffy, fully-cooked white rice without burning the bottom isn’t hard, but there are a few steps to make the process a little easier. You’ll always want to rinse white rice in a sieve until the water is clear to remove excess starch that can make the rice gummy and unevenly cooked. You should also let the rice steam for five minutes before you fluff with a fork, so that the rice doesn’t dry out or get clumpy. Enjoy your now-perfect rice!",US,4,28,0.9543245869776482,982,47,211.0,5.0,0.0,45.0
Chocolate Peanut Butter Pancakes,"Whip up a stack of these scrumptious Chocolate Peanut Butter Pancakes for a breakfast that'll make your taste buds dance! With a heavenly blend of chocolate and peanut butter, these fluffy flapjacks are perfect for a cozy morning treat.",ZZ,4,25,0.9310679611650485,959,71,290.0,10.0,13.0,43.0
Mini Cinnamon Roll Bites,"Bite-sized bliss awaits with these Mini Cinnamon Roll Bites! Perfect for a cozy morning treat, these scrumptious morsels will have you swooning over their warm, gooey cinnamon goodness.",US,12,25,0.8870523415977961,966,123,92.0,0.0,3.0,15.0
Spice-Rubbed Shrimp Tacos,"Experience a fiesta of flavors with these Spice-Rubbed Shrimp Tacos that'll make your taste buds dance! This easy-to-make recipe combines succulent shrimp, zesty spices, and fresh toppings for a mouthwatering meal that's perfect for Taco Tuesday or any night of the week.",US,8,0,0.9217391304347826,954,81,233.0,15.0,7.0,25.0
Chili Lime Steak Tacos,"Juicy, marinated steak is grilled to perfection and topped with a zesty chili lime sauce for a taco that packs a flavorful punch",ZZ,4,30,0.9500998003992016,952,50,184.0,12.0,13.0,5.0
Penne Alla Vodka,"Creamy, indulgent, and comforting, this pasta dish is perfect for a cozy night in. Penne pasta is cooked al dente and tossed with a rich and creamy tomato-vodka sauce.",US,2,20,0.9601196410767697,963,40,547.0,10.0,24.0,45.0
Tortilla Bowl Southwestern Salad,"A crispy tortilla bowl is filled with a colorful blend of greens, beans, corn, and avocado, then topped with a zesty lime dressing and a sprinkle of cheese for a filling and flavorful salad.",US,4,30,0.9658976930792377,963,34,402.0,8.0,22.0,45.0
Black Bean & Corn Burgers,"Bite into these scrumptious Black Bean Corn Burgers for a flavor fiesta in your mouth! Packed with protein and veggies, these patties are perfect for a guilt-free, meatless meal that'll leave you craving more.",US,4,25,0.965183752417795,998,36,553.0,25.0,13.0,82.0
Banana Chocolate Chip Breakfast Muffins,A breakfast recipe that uses ripe bananas and chocolate chips to make moist and flavorful muffins that are perfect for a quick breakfast or snack.,US,12,30,0.7307392996108949,939,346,200.0,7.0,4.0,35.0
Creamy Spinach-Stuffed Mushrooms,"These mushrooms are packed with a creamy spinach filling that's perfect for an appetizer or side dish. With just a few simple ingredients, they're easy to make and delicious to eat.",US,5,30,0.9733990147783251,988,27,226.0,7.0,17.0,12.0
Dalgona Coffee,"This trendy coffee drink features a whipped mixture of instant coffee, sugar, and milk, for a creamy and frothy caffeinated treat.",US,1,10,0.9114533205004812,947,92,132.0,1.0,0.0,28.0
Homemade Broccoli Cheese Soup,"This comforting, classic soup is made with fresh broccoli, sharp cheddar cheese, and a touch of cream for a velvety texture that will warm you up from the inside out.",ZZ,4,20,0.7983630952380952,1073,271,1078.0,58.0,67.0,61.0
Chocolate Chip Muffin Mug,"Whip up a delightful Chocolate Chip Muffin Mug in just minutes! This scrumptious, single-serving treat is perfect for satisfying your sweet tooth without the hassle of baking a whole batch.",ZZ,1,7,0.8181818181818182,1134,252,428.0,12.0,16.0,67.0
Pico De Gallo,"Dive into the vibrant flavors of this Pico de Gallo, a fresh and zesty salsa that'll make your taste buds dance! Perfect for dipping or topping your favorite dishes, this easy-to-make recipe is a must-try for any Mexican food lover.",US,2,10,0.985153764581124,929,14,27.0,0.0,0.0,6.0
Seared Scallops,Perfectly seared scallops are served on a bed of creamy risotto and garnished with fresh herbs and a squeeze of lemon for a simple yet elegant dinner.,US,4,17,0.964021164021164,911,34,187.0,23.0,7.0,6.0
Strawberry Cream Cheese French Toast Roll-up,"Bite into a delightful twist on a classic breakfast dish with these Strawberry Cream Cheese French Toast Roll-ups! Each roll-up is packed with sweet strawberries and luscious cream cheese, making your mornings irresistibly scrumptious.",US,3,25,0.9317160826594789,1037,76,114.0,7.0,5.0,7.0
Spicy Southwestern-Style Turkey Burgers,"Fire up your taste buds with these Spicy Southwestern-Style Turkey Burgers! Packed with bold flavors and a kick of heat, these juicy patties will make your next cookout a fiesta to remember.",ZZ,4,23,0.9688679245283018,1027,33,447.0,20.0,38.0,4.0
Strawberry Banana Pancake Skewers,"Breakfast just got a whole lot more fun with these delightful pancake skewers! Fresh strawberries, sweet bananas, and mini pancakes are skewered together for a playful and tasty twist on a classic breakfast. It's a great way to start your day with a smile!",US,4,30,0.9355400696864111,1074,74,229.0,7.0,6.0,36.0
One-Pot Cheesy Lemon Chicken Pasta,"Whip up a zesty, cheesy delight with this One-Pot Cheesy Lemon Chicken Pasta! It's a perfect weeknight meal that'll have your taste buds dancing and your kitchen clean-up a breeze.",US,5,0,0.9466382070437567,887,50,433.0,41.0,18.0,28.0
Cookies ‘n’ Cream Cake Mix Cookies,"Whip up a batch of these scrumptious Cookies 'n Cream Cake Mix Cookies for a delightful twist on a classic favorite. With a heavenly blend of cake mix and Oreo cookies, your taste buds will be dancing with joy!",US,12,22,0.94129763130793,914,57,182.0,2.0,6.0,30.0
Pizza From Scratch In 20 Minutes Or Less,,ZZ,1,20,0.9176688251618872,992,89,671.0,27.0,24.0,82.0
3-Ingredient Chili-glazed Salmon,"Savor the simplicity of this 3-Ingredient Chili Glazed Salmon that packs a flavorful punch. With just a touch of sweet and spicy, this dish will have your taste buds dancing and begging for more.",US,3,25,0.952565343659245,984,49,109.0,7.0,4.0,7.0
Apple Ring Pancakes,"These apple ring pancakes are a fun and delicious twist on a classic breakfast dish. Made with sliced apples and a fluffy pancake batter, they are a sweet and satisfying breakfast option.",US,3,30,0.8737777777777778,983,142,337.0,9.0,11.0,48.0
Healthy Peanut Butter Chocolate Chip Pancakes,"These pancakes are the perfect combination of sweet and savory, with the rich flavors of peanut butter and chocolate chips. Made with whole wheat flour and no added sugar, they're a healthy breakfast option.",ZZ,4,30,0.8836363636363637,972,128,248.0,8.0,9.0,38.0
Muffin Tin Customizable Veggie Egg Cups,"These muffin tin egg cups are the perfect way to start your day. They're easy to make, and you can customize them with your favorite veggies and cheese!",ZZ,6,30,0.9560315670800451,848,39,61.0,5.0,4.0,0.0
Ramen Carbonara,"Ramen carbonara is a delicious fusion of Italian and Japanese cuisine. This dish features ramen noodles tossed in a creamy egg and cheese sauce, with bacon and black pepper for added flavor.",US,1,25,0.8738828202581926,880,127,1048.0,55.0,66.0,55.0
Breakfast Waffle: The Expert Brunch-er,"The crispy waffle base is topped with a medley of sweet and tart mixed berries, a generous swirl of whipped cream, and a drizzle of pure maple syrup. The finishing touch of rainbow sprinkles adds a fun and colorful twist to this sophisticated breakfast. With every bite, you'll experience a delightful balance of flavors and textures.",US,4,0,0.95,38,2,1106.0,26.0,40.0,162.0
Sun-Dried Tomato & Spinach Tuna Pasta,"Bursting with flavor, this Sun-Dried Tomato Spinach Tuna Pasta is a delightful twist on a classic dish. With a medley of sun-dried tomatoes, spinach, and tuna, this pasta dish is sure to become a weeknight favorite!",US,2,15,0.9069264069264069,838,86,673.0,57.0,16.0,77.0
Cookies & Cream-stuffed Cookies,"Two cookies are better than one, especially when they're stuffed with a creamy, dreamy filling made from crushed chocolate cookies. Bake them until they're just golden brown for a soft and chewy texture that melts in your mouth.",US,8,24,0.9149171270718232,828,77,266.0,2.0,12.0,36.0
Coleslaw,"Craving a classic side dish? Whip up this delightful Coleslaw that's both creamy and tangy, perfect for your next BBQ or picnic. It's a breeze to make and will have everyone coming back for seconds!",US,6,15,0.9638273045507585,826,31,231.0,3.0,17.0,16.0
One-Pot Cheesy Taco Pasta,"Whip up a fiesta in your kitchen with this One-Pot Cheesy Taco Pasta! This mouthwatering dish combines your favorite taco flavors with the comfort of pasta, all in one easy-to-make pot.",US,10,30,0.9601769911504425,868,36,328.0,21.0,13.0,28.0
Banana Peanut Butter French Toast Roll-up,"Go bananas for this scrumptious Banana Peanut Butter French Toast Roll-Up! It's a fun twist on a classic breakfast dish, perfect for a weekend brunch or a special treat.",US,3,25,0.9416745061147695,1001,62,114.0,7.0,5.0,7.0
Buffalo Chickpea Wraps,"Spice up your lunch game with these zesty Buffalo Chickpea Wraps! Packed with flavor and a kick of heat, they're perfect for a satisfying, plant-based meal.",US,2,15,0.9625292740046838,822,32,599.0,25.0,16.0,88.0
Quick 30-Minute Chicken Pho,"Authentic Vietnamese pho is amazing but you don't always have the time to make the real thing. When you are in a pinch try this quick 30-minute chicken ""pho"". Make sure to add your favorite toppings like bean sprouts, jalapenos, thai basil, and don't forget a squeeze of fresh lime.",US,4,30,0.928164196123147,814,63,695.0,56.0,12.0,106.0
Chocolate Peanut Butter Cookie Smoothie,"This chocolate peanut butter cookie smoothie is the perfect way to indulge your sweet tooth. Packed with flavor, this creamy blend of chocolate, peanut butter, banana, and milk of your choosing is like having dessert for breakfast.",US,1,5,0.87511071744907,988,141,654.0,22.0,28.0,87.0
Steak and Avocado Salad,"Savor the irresistible harmony of tender, juicy steak and creamy avocado as they unite in a mouthwatering salad symphony. Each vibrant bite will have you dreaming of sun-soaked picnics and al fresco feasts.",ZZ,4,29,0.9693181818181819,853,27,506.0,30.0,38.0,11.0
Blueberry French Toast In A Mug,"For a sweet and delicious breakfast treat, this blueberry French toast mug is perfect for busy mornings. It's the ideal meal for satisfying your sweet tooth!",ZZ,1,7,0.7219626168224299,927,357,110.0,7.0,6.0,4.0
Cookie Dough Boxed Brownies,"These gooey and rich brownies are elevated to another level with the addition of cookie dough. The soft, chewy texture of the cookie dough pairs perfectly with the dense chocolatey goodness of the brownies.",ZZ,9,25,0.8962053571428571,803,93,687.0,7.0,35.0,92.0
Banana Bread Recipe,"An easy-to-make and satisfying treat, this banana bread recipe combines ripe bananas with simple ingredients like flour and sugar to create a deliciously moist and sweet loaf.",US,1,12,0.8521256931608133,922,160,468.0,11.0,9.0,86.0
Easy 3-Ingredient Chocolate Mousse,Make this easy chocolate dessert with a cool hack! Perfect for Valentine’s Day or anytime you have a craving for chocolate.,US,4,0,0.8759057971014492,967,137,355.0,4.0,16.0,55.0
Avocado Chickpea Salad with Chili Lime Dressing,"Say hello to this vibrant Avocado Chickpea Salad, a refreshing and nutritious twist on a classic dish. Packed with creamy avocado and protein-rich chickpeas, it's the perfect meal to keep you feeling full and satisfied!",US,4,15,0.9668449197860962,904,31,465.0,20.0,13.0,71.0
Dark Chocolate Peanut Butter Banana Protein Smoothie,"Satisfy your sweet tooth and fuel your body with this dark chocolate peanut butter banana protein smoothie, made with cocoa powder, peanut butter, and frozen banana. It's the perfect breakfast or post-workout snack.",ZZ,2,5,0.9526558891454965,825,41,373.0,40.0,7.0,43.0
Peanut Butter S’mores Dip Easy Dessert,"This peanut butter s'mores dip is a fun and easy dessert that's perfect for sharing. Simply melt together chocolate, peanut butter, and marshmallow fluff for a gooey and delicious dip that's perfect with graham crackers or fruit.",US,6,30,0.8905742145178764,822,101,667.0,9.0,24.0,109.0
Creamy Gourmet Hot Chocolate,"This hot chocolate recipe is the definition of decadence! Made with rich chocolate and topped with whipped cream, it's like a hug in a mug. It's the perfect treat to warm you up on a chilly night.",US,4,25,0.8986486486486487,931,105,424.0,4.0,31.0,41.0
5-Ingredient Cauliflower Mac ‘N’ Cheese,"Say hello to a guilt-free comfort food classic with this 5-Ingredient Cauliflower Mac 'n' Cheese! It's a scrumptious, low-carb twist on your favorite cheesy dish that'll have you coming back for seconds.",ZZ,2,20,0.8734321550741163,766,111,399.0,23.0,23.0,29.0
Southwestern Salad With Avocado Dressing,"This southwestern salad with avocado dressing is a fresh and flavorful meal that's perfect for hot summer days. Packed with colorful veggies, protein-rich beans, and a creamy avocado dressing, it's a delicious and healthy option.",US,5,15,0.9625468164794008,771,30,334.0,14.0,15.0,39.0
Chickpea And Black Bean Salad,"A healthy and satisfying salad made with protein-packed chickpeas and black beans, mixed with fresh veggies and a zesty dressing.",US,4,15,0.9672544080604534,768,26,407.0,20.0,10.0,59.0
French-style Lemon Tart,"This French-style lemon tart is a light and refreshing dessert that's perfect for any occasion. With a buttery crust and a tangy lemon filling, it's a delicious way to end any meal.",GB,4,26,0.9454329774614472,797,46,709.0,14.0,47.0,56.0
Avocado Chicken Salad,"A delicious and healthy salad made with tender chicken and creamy avocado, mixed with fresh greens and veggies.",US,4,15,0.9602564102564103,749,31,241.0,23.0,12.0,5.0
Shredded Chicken Tacos,"These tacos are a crowd-pleaser! Tender shredded chicken is seasoned with a blend of spices, then served on warm tortillas and topped with fresh salsa, avocado, and a squeeze of lime. Perfect for a quick and easy weeknight meal.",US,4,23,0.9641943734015346,754,28,222.0,36.0,4.0,8.0
Whole Wheat Pasta With Lemon Kale Chicken,Looking for a healthy and delicious pasta dish? Try this Whole Wheat Pasta with Lemon Kale Chicken recipe! The pasta is mixed with flavorful lemon and garlic sautéed kale and tender chicken making it a satisfying and savory dinner.,ZZ,2,25,0.9353293413173652,781,54,513.0,36.0,14.0,61.0
Sheet-Pan Jambalaya,"This sheet pan jambalaya is packed with bold Cajun flavors and loaded with sausage, shrimp, and chicken. Roasted to perfection with bell peppers and onions, it's a one-pan meal that's perfect for busy weeknights.",US,4,29,0.969248291571754,851,27,1033.0,52.0,11.0,182.0
BBQ Popcorn Chicken,"This finger-lickin' good snack is a party in your mouth. Tender and juicy chicken bites are coated in BBQ sauce potato chips, then coated in crushed BBQ potato chips. Perfect for a quick and easy appetizer or a satisfying snack on the go.",ZZ,5,27,0.8651252408477842,898,140,467.0,21.0,19.0,50.0
Cinnamon Bun French Toast,"Swoon over the sweet, swirled embrace of cinnamon bun French toast, where the allure of cinnamon and sugar meets the custard-soaked tenderness of a breakfast classic. Each heavenly bite will have you floating on a cloud of morning bliss.",US,2,16,0.8609779482262704,898,145,661.0,21.0,47.0,34.0
